-- --------------------------------------------------------
-- Host:                         192.168.10.10
-- Server version:               5.7.29-0ubuntu0.18.04.1 - (Ubuntu)
-- Server OS:                    Linux
-- HeidiSQL Version:             11.0.0.5919
-- --------------------------------------------------------

/*!40101 SET @OLD_CHARACTER_SET_CLIENT=@@CHARACTER_SET_CLIENT */;
/*!40101 SET NAMES utf8 */;
/*!50503 SET NAMES utf8mb4 */;
/*!40014 SET @OLD_FOREIGN_KEY_CHECKS=@@FOREIGN_KEY_CHECKS, FOREIGN_KEY_CHECKS=0 */;
/*!40101 SET @OLD_SQL_MODE=@@SQL_MODE, SQL_MODE='NO_AUTO_VALUE_ON_ZERO' */;

-- Dumping data for table HFMD-reporting.districts: ~148 rows (approximately)
/*!40000 ALTER TABLE `districts` DISABLE KEYS */;
INSERT INTO `districts` (`id`, `name`, `state_id`, `created_at`, `updated_at`) VALUES
	(1, 'Batu Pahat', 1, '2020-06-13 12:46:11', '2020-06-13 12:46:11'),
	(2, 'Johor Bahru', 1, '2020-06-13 12:46:13', '2020-06-13 12:46:14'),
	(3, 'Kluang', 1, '2020-06-13 12:46:29', '2020-06-13 12:46:29'),
	(4, 'Kota Tinggi', 1, '2020-06-13 12:46:42', '2020-06-13 12:46:42'),
	(5, 'Kulai', 1, '2020-06-13 12:46:50', '2020-06-13 12:46:51'),
	(6, 'Mersing', 1, '2020-06-13 12:47:09', '2020-06-13 12:47:09'),
	(7, 'Muar', 1, '2020-06-13 12:47:20', '2020-06-13 12:47:21'),
	(8, 'Pontian', 1, '2020-06-13 12:47:31', '2020-06-13 12:47:31'),
	(9, 'Segamat', 1, '2020-06-13 12:47:40', '2020-06-13 12:47:40'),
	(10, 'Tangkak', 1, '2020-06-13 12:47:51', '2020-06-13 12:47:52'),
	(11, 'Baling', 2, '2020-06-13 12:48:01', '2020-06-13 12:48:01'),
	(12, 'Bandar Baharu', 2, '2020-06-13 12:48:13', '2020-06-13 12:48:13'),
	(13, 'Kota Setar', 2, '2020-06-13 12:48:23', '2020-06-13 12:48:24'),
	(14, 'Kuala Muda', 2, '2020-06-13 12:48:35', '2020-06-13 12:48:36'),
	(15, 'Kubang Pasu', 2, '2020-06-13 12:48:45', '2020-06-13 12:48:46'),
	(16, 'Kulim', 2, '2020-06-13 12:48:52', '2020-06-13 12:48:53'),
	(17, 'Langkawi', 2, '2020-06-13 12:49:02', '2020-06-13 12:49:02'),
	(18, 'Padang Terap', 2, '2020-06-13 12:49:14', '2020-06-13 12:49:14'),
	(19, 'Pendang', 2, '2020-06-13 12:49:23', '2020-06-13 12:49:24'),
	(20, 'Pokok Sena', 2, '2020-06-13 12:49:37', '2020-06-13 12:49:34'),
	(21, 'Sik', 2, '2020-06-13 12:49:48', '2020-06-13 12:49:49'),
	(22, 'Yan', 2, '2020-06-13 12:49:59', '2020-06-13 12:49:59'),
	(23, 'Bachok', 3, '2020-06-13 12:50:06', '2020-06-13 12:50:06'),
	(24, 'Gua Musang', 3, '2020-06-13 12:50:14', '2020-06-13 12:50:15'),
	(25, 'Jeli', 3, '2020-06-13 12:50:32', '2020-06-13 12:50:32'),
	(26, 'Kota Bharu', 3, '2020-06-13 12:50:48', '2020-06-13 12:50:48'),
	(27, 'Kuala Krai', 3, '2020-06-13 12:50:58', '2020-06-13 12:50:59'),
	(28, 'Machang', 3, '2020-06-13 12:51:08', '2020-06-13 12:51:08'),
	(29, 'Pasir Mas', 3, '2020-06-13 12:51:16', '2020-06-13 12:51:17'),
	(30, 'Pasir Puteh', 3, '2020-06-13 12:51:21', '2020-06-13 12:51:19'),
	(31, 'Tanah Merah', 3, '2020-06-13 12:51:36', '2020-06-13 12:51:37'),
	(32, 'Tumpat', 3, '2020-06-13 12:51:45', '2020-06-13 12:51:46'),
	(33, 'Alor Gajah', 4, '2020-06-13 12:51:57', '2020-06-13 12:51:57'),
	(34, 'Central Melaka', 4, '2020-06-13 12:52:06', '2020-06-13 12:52:07'),
	(35, 'Jasin', 4, '2020-06-13 12:52:16', '2020-06-13 12:52:17'),
	(36, 'Jelebu', 5, '2020-06-13 12:52:25', '2020-06-13 12:52:26'),
	(37, 'Jempol', 5, '2020-06-13 12:52:34', '2020-06-13 12:52:35'),
	(38, 'Kuala Pilah', 5, '2020-06-13 12:52:45', '2020-06-13 12:52:46'),
	(39, 'Port Dickson', 5, '2020-06-13 12:52:53', '2020-06-13 12:52:54'),
	(40, 'Rembau', 5, '2020-06-13 12:53:08', '2020-06-13 12:53:08'),
	(41, 'Seremban', 5, '2020-06-13 12:53:17', '2020-06-13 12:53:17'),
	(42, 'Tampin', 5, '2020-06-13 12:53:26', '2020-06-13 12:53:26'),
	(43, 'Bentong', 6, '2020-06-13 12:53:38', '2020-06-13 12:53:38'),
	(44, 'Bera', 6, '2020-06-13 12:53:48', '2020-06-13 12:53:48'),
	(45, 'Cameron Highlands', 6, '2020-06-13 12:53:56', '2020-06-13 12:53:56'),
	(46, 'Jerantut', 6, '2020-06-13 12:54:04', '2020-06-13 12:54:04'),
	(47, 'Kuantan', 6, '2020-06-13 12:54:12', '2020-06-13 12:54:12'),
	(48, 'Lipis', 6, '2020-12-03 21:24:02', '2020-12-03 21:24:04'),
	(49, 'Maran', 6, '2020-12-03 21:24:03', '2020-12-03 21:24:04'),
	(50, 'Pekan', 6, '2020-12-03 21:24:06', '2020-12-03 21:24:07'),
	(51, 'Raub', 6, '2020-12-03 21:24:07', '2020-12-03 21:24:08'),
	(52, 'Rompin', 6, '2020-12-03 21:24:08', '2020-12-03 21:24:08'),
	(53, 'Temerloh', 6, '2020-12-03 21:24:09', '2020-12-03 21:24:10'),
	(54, 'Central Seberang Perai', 7, '2020-12-03 21:24:54', '2020-12-03 21:24:59'),
	(55, 'North Seberang Perai', 7, '2020-12-03 21:24:59', '2020-12-03 21:25:00'),
	(56, 'Northeast Penang Island', 7, '2020-12-03 21:28:34', '2020-12-03 21:28:34'),
	(57, 'South Sebarang Perai', 7, '2020-12-03 21:29:22', '2020-12-03 21:29:22'),
	(58, 'Southwest Penang Island', 7, '2020-12-03 21:29:23', '2020-12-03 21:29:24'),
	(59, 'Bagan Datuk', 8, '2020-12-03 21:31:06', '2020-12-03 21:31:07'),
	(60, 'Batang Padang', 8, '2020-12-03 21:31:07', '2020-12-03 21:31:08'),
	(61, 'Hilir Perak', 8, '2020-12-03 21:31:08', '2020-12-03 21:31:08'),
	(62, 'Hulu Perak', 8, '2020-12-03 21:31:09', '2020-12-03 21:31:09'),
	(63, 'Kampar', 8, '2020-12-03 21:31:10', '2020-12-03 21:31:10'),
	(64, 'Kerian', 8, '2020-12-03 21:31:11', '2020-12-03 21:31:11'),
	(65, 'Kinta', 8, '2020-12-03 21:31:12', '2020-12-03 21:31:12'),
	(66, 'Kuala Kangsar', 8, '2020-12-03 21:31:13', '2020-12-03 21:31:14'),
	(67, 'Taiping', 8, '2020-12-03 21:31:14', '2020-12-03 21:31:14'),
	(68, 'Manjung', 8, '2020-12-03 21:31:15', '2020-12-03 21:31:15'),
	(69, 'Tanjung Malim', 8, '2020-12-03 21:31:16', '2020-12-03 21:31:16'),
	(70, 'Seri Iskandar', 8, '2020-12-03 21:31:17', '2020-12-03 21:31:17'),
	(71, 'Kangar', 9, '2020-12-03 21:31:29', '2020-12-03 21:31:31'),
	(72, 'Gombak', 10, '2020-12-03 21:33:08', '2020-12-03 21:33:08'),
	(73, 'Hulu Langat', 10, '2020-12-03 21:33:09', '2020-12-03 21:33:09'),
	(74, 'Hulu Selangor', 10, '2020-12-03 21:33:10', '2020-12-03 21:33:10'),
	(75, 'Klang', 10, '2020-12-03 21:33:11', '2020-12-03 21:33:11'),
	(76, 'Kuala Langat', 10, '2020-12-03 21:33:12', '2020-12-03 21:33:12'),
	(77, 'Kuala Selangor', 10, '2020-12-03 21:33:13', '2020-12-03 21:33:13'),
	(78, 'Petaling', 10, '2020-12-03 21:33:13', '2020-12-03 21:33:14'),
	(79, 'Sabak Bernam', 10, '2020-12-03 21:33:14', '2020-12-03 21:33:15'),
	(80, 'Sepang', 10, '2020-12-03 21:33:17', '2020-12-03 21:33:17'),
	(81, 'Besut', 11, '2020-12-03 21:34:19', '2020-12-03 21:34:19'),
	(82, 'Dungun', 11, '2020-12-03 21:34:19', '2020-12-03 21:34:20'),
	(83, 'Hulu Terengganu', 11, '2020-12-03 21:34:20', '2020-12-03 21:34:21'),
	(84, 'Kemaman', 11, '2020-12-03 21:34:21', '2020-12-03 21:34:21'),
	(85, 'Kuala Nerus', 11, '2020-12-03 21:34:22', '2020-12-03 21:34:22'),
	(86, 'Kuala Terengganu', 11, '2020-12-03 21:34:23', '2020-12-03 21:34:24'),
	(87, 'Marang', 11, '2020-12-03 21:34:25', '2020-12-03 21:34:25'),
	(88, 'Setiu', 11, '2020-12-03 21:34:26', '2020-12-03 21:34:26'),
	(89, 'Beaufort', 12, '2020-12-03 21:41:16', '2020-12-03 21:41:16'),
	(90, 'Beluran', 12, '2020-12-03 21:41:17', '2020-12-03 21:41:17'),
	(91, 'Kalabakan', 12, '2020-12-03 21:41:18', '2020-12-03 21:41:18'),
	(92, 'Keningau', 12, '2020-12-03 21:41:19', '2020-12-03 21:41:19'),
	(93, 'Kota Belud', 12, '2020-12-03 21:41:20', '2020-12-03 21:41:20'),
	(94, 'Kinabatangan', 12, '2020-12-03 21:41:21', '2020-12-03 21:41:21'),
	(95, 'Kota Kinabalu', 12, '2020-12-03 21:41:22', '2020-12-03 21:41:22'),
	(96, 'Kota Marudu', 12, '2020-12-03 21:41:22', '2020-12-03 21:41:23'),
	(97, 'Kuala Penyu', 12, '2020-12-03 21:41:23', '2020-12-03 21:41:24'),
	(98, 'Kudat', 12, '2020-12-03 21:41:24', '2020-12-03 21:41:26'),
	(99, 'Kunak', 12, '2020-12-03 21:41:28', '2020-12-03 21:41:28'),
	(100, 'Lahad Datu', 12, '2020-12-03 21:41:29', '2020-12-03 21:41:29'),
	(101, 'Nabawan', 12, '2020-12-03 21:41:30', '2020-12-03 21:41:31'),
	(102, 'Papar', 12, '2020-12-03 21:41:32', '2020-12-03 21:41:32'),
	(103, 'Penampang', 12, '2020-12-03 21:41:34', '2020-12-03 21:41:33'),
	(104, 'Putatan', 12, '2020-12-03 21:41:33', '2020-12-03 21:41:34'),
	(105, 'Pitas', 12, '2020-12-03 21:41:35', '2020-12-03 21:41:35'),
	(106, 'Ranau', 12, '2020-12-03 21:41:36', '2020-12-03 21:41:36'),
	(107, 'Sandakan', 12, '2020-12-03 21:41:37', '2020-12-03 21:41:37'),
	(108, 'Semporna', 12, '2020-12-03 21:41:37', '2020-12-03 21:41:38'),
	(109, 'Sipitang', 12, '2020-12-03 21:41:38', '2020-12-03 21:41:39'),
	(110, 'Tambunan', 12, '2020-12-03 21:41:39', '2020-12-03 21:41:39'),
	(111, 'Tawau', 12, '2020-12-03 21:41:41', '2020-12-03 21:41:41'),
	(112, 'Telupid', 12, '2020-12-03 21:41:41', '2020-12-03 21:41:42'),
	(113, 'Tenom', 12, '2020-12-03 21:41:42', '2020-12-03 21:41:44'),
	(114, 'Tongod', 12, '2020-12-03 21:41:43', '2020-12-03 21:41:44'),
	(115, 'Tuaran', 12, '2020-12-03 21:41:13', '2020-12-03 21:41:45'),
	(116, 'Betong', 13, '2020-12-03 21:48:07', '2020-12-03 21:48:08'),
	(117, 'Kabong', 13, '2020-12-03 21:48:08', '2020-12-03 21:48:09'),
	(118, 'Pusa', 13, '2020-12-03 21:48:09', '2020-12-03 21:48:09'),
	(119, 'Saratok', 13, '2020-12-03 21:48:10', '2020-12-03 21:48:10'),
	(120, 'Bintulu', 13, '2020-12-03 21:48:10', '2020-12-03 21:48:11'),
	(121, 'Sebauh', 13, '2020-12-03 21:48:11', '2020-12-03 21:48:11'),
	(122, 'Tatau', 13, '2020-12-03 21:48:12', '2020-12-03 21:48:12'),
	(123, 'Belaga', 13, '2020-12-03 21:48:12', '2020-12-03 21:48:13'),
	(124, 'Kapit', 13, '2020-12-03 21:48:14', '2020-12-03 21:48:13'),
	(125, 'Song', 13, '2020-12-03 21:48:13', '2020-12-03 21:48:14'),
	(126, 'Bukit Mabong', 13, '2020-12-03 21:48:15', '2020-12-03 21:48:15'),
	(127, 'Bau', 13, '2020-12-03 21:48:16', '2020-12-03 21:48:16'),
	(128, 'Kuching', 13, '2020-12-03 21:48:16', '2020-12-03 21:48:17'),
	(129, 'Lundu', 13, '2020-12-03 21:48:17', '2020-12-03 21:48:17'),
	(130, 'Lawas', 13, '2020-12-03 21:48:18', '2020-12-03 21:48:19'),
	(131, 'Limbang', 13, '2020-12-03 21:48:19', '2020-12-03 21:48:19'),
	(132, 'Beluru', 13, '2020-12-03 21:48:20', '2020-12-03 21:48:20'),
	(133, 'Marudi', 13, '2020-12-03 21:48:20', '2020-12-03 21:48:21'),
	(134, 'Miri', 13, '2020-12-03 21:48:21', '2020-12-03 21:48:22'),
	(135, 'Subis', 13, '2020-12-03 21:48:22', '2020-12-03 21:48:22'),
	(136, 'Telang Usan', 13, '2020-12-03 21:48:23', '2020-12-03 21:48:24'),
	(137, 'Dalat', 13, '2020-12-03 21:48:25', '2020-12-03 21:48:25'),
	(138, 'Daro', 13, '2020-12-03 21:48:25', '2020-12-03 21:48:25'),
	(139, 'Matu', 13, '2020-12-03 21:48:27', '2020-12-03 21:48:28'),
	(140, 'Mukah', 13, '2020-12-03 21:48:28', '2020-12-03 21:48:28'),
	(141, 'Tangjung Manis', 13, '2020-12-03 21:48:28', '2020-12-03 21:48:30'),
	(142, 'Asajaya', 13, '2020-12-03 21:48:30', '2020-12-03 21:48:30'),
	(143, 'Samarahan', 13, '2020-12-03 21:48:32', '2020-12-03 21:48:32'),
	(144, 'Simunjan', 13, '2020-12-03 21:48:31', '2020-12-03 21:48:32'),
	(145, 'Julau', 13, '2020-12-03 21:48:33', '2020-12-03 21:48:33'),
	(146, 'Meradong', 13, '2020-12-03 21:48:33', '2020-12-03 21:48:34'),
	(147, 'Pakan', 13, '2020-12-03 21:48:34', '2020-12-03 21:48:34'),
	(148, 'Sarikei', 13, '2020-12-03 21:48:35', '2020-12-03 21:48:35'),
	(149, 'Serian', 13, '2020-12-03 21:48:36', '2020-12-03 21:48:36'),
	(150, 'Tebedu', 13, '2020-12-03 21:48:37', '2020-12-03 21:48:37'),
	(151, 'Kanowit', 13, '2020-12-03 21:48:38', '2020-12-03 21:48:39'),
	(152, 'Sibu', 13, '2020-12-03 21:48:39', '2020-12-03 21:48:39'),
	(153, 'Selangau', 13, '2020-12-03 21:48:40', '2020-12-03 21:48:40'),
	(154, 'Lubok Antu', 13, '2020-12-03 21:48:40', '2020-12-03 21:48:41'),
	(155, 'Sri Aman', 13, '2020-12-03 21:48:42', '2020-12-03 21:48:42'),
	(156, 'W.P. (KL)', 14, '2020-12-03 21:50:37', '2020-12-03 21:50:38'),
	(157, 'W.P. (Labuan)', 15, '2020-12-03 21:50:39', '2020-12-03 21:50:39'),
	(158, 'W.P. (Putrajaya)', 16, '2020-12-03 21:50:39', '2020-12-03 21:50:40');
/*!40000 ALTER TABLE `districts` ENABLE KEYS */;

-- Dumping data for table HFMD-reporting.documents: ~29 rows (approximately)
/*!40000 ALTER TABLE `documents` DISABLE KEYS */;
INSERT INTO `documents` (`id`, `file`, `created_at`, `updated_at`) VALUES
	(1, '1592026445Activity Diagram1.jpg', '2020-06-13 05:34:05', '2020-06-13 05:34:05'),
	(2, '1592045974Activity Diagram Top Up.jpg', '2020-06-13 10:59:34', '2020-06-13 10:59:34'),
	(3, '1592047468Activity Diagram Top Up.jpg', '2020-06-13 11:24:28', '2020-06-13 11:24:28'),
	(4, '1592484537IMG_2358.JPG', '2020-06-18 12:48:57', '2020-06-18 12:48:57'),
	(5, '1592484646IMG_2358.JPG', '2020-06-18 12:50:46', '2020-06-18 12:50:46'),
	(6, '1592542833IMG_2358.JPG', '2020-06-19 13:00:33', '2020-06-19 13:00:33'),
	(7, '1592542890IMG_2358.JPG', '2020-06-19 13:01:30', '2020-06-19 13:01:30'),
	(8, '1592542899IMG_2358.JPG', '2020-06-19 13:01:39', '2020-06-19 13:01:39'),
	(9, '1592543913Activity Diagram Top Up.jpg', '2020-06-19 13:18:33', '2020-06-19 13:18:33'),
	(10, '1604316356CIMS.pdf', '2020-11-02 19:25:56', '2020-11-02 19:25:56'),
	(11, '1604382458Class Diagram1.png', '2020-11-03 13:47:38', '2020-11-03 13:47:38'),
	(12, '1605765598timetable.jpeg', '2020-11-19 13:59:58', '2020-11-19 13:59:58'),
	(13, '1605765671Lab Assignment in Group 30%.pdf', '2020-11-19 14:01:11', '2020-11-19 14:01:11'),
	(14, '1606561680Receipt.jpeg', '2020-11-28 19:08:00', '2020-11-28 19:08:00'),
	(15, '1606561930Receipt.jpeg', '2020-11-28 19:12:10', '2020-11-28 19:12:10'),
	(16, '1606562011Receipt.jpeg', '2020-11-28 19:13:31', '2020-11-28 19:13:31'),
	(17, '1606562136Receipt.jpeg', '2020-11-28 19:15:36', '2020-11-28 19:15:36'),
	(18, '1606562447Receipt.jpeg', '2020-11-28 19:20:47', '2020-11-28 19:20:47'),
	(19, '1606562667Receipt.jpeg', '2020-11-28 19:24:27', '2020-11-28 19:24:27'),
	(20, '1606562826Receipt.jpeg', '2020-11-28 19:27:06', '2020-11-28 19:27:06'),
	(21, '1606562892Receipt.jpeg', '2020-11-28 19:28:12', '2020-11-28 19:28:12'),
	(22, '1606637096Receipt.jpeg', '2020-11-29 16:04:56', '2020-11-29 16:04:56'),
	(23, '1606639159Receipt.jpeg', '2020-11-29 16:39:19', '2020-11-29 16:39:19'),
	(24, '1606639297Receipt.jpeg', '2020-11-29 16:41:37', '2020-11-29 16:41:37'),
	(25, '1606640148Receipt.jpeg', '2020-11-29 16:55:48', '2020-11-29 16:55:48'),
	(26, '1606801447Receipt.jpeg', '2020-12-01 13:44:07', '2020-12-01 13:44:07'),
	(27, '1606801693Consent Form Seok See.pdf', '2020-12-01 13:48:13', '2020-12-01 13:48:13'),
	(28, '1606804634Consent Form Seok See.pdf', '2020-12-01 14:37:14', '2020-12-01 14:37:14'),
	(29, '1606804641Consent Form Seok See.pdf', '2020-12-01 14:37:21', '2020-12-01 14:37:21');
/*!40000 ALTER TABLE `documents` ENABLE KEYS */;

-- Dumping data for table HFMD-reporting.failed_jobs: ~0 rows (approximately)
/*!40000 ALTER TABLE `failed_jobs` DISABLE KEYS */;
/*!40000 ALTER TABLE `failed_jobs` ENABLE KEYS */;

-- Dumping data for table HFMD-reporting.migrations: ~18 rows (approximately)
/*!40000 ALTER TABLE `migrations` DISABLE KEYS */;
INSERT INTO `migrations` (`id`, `migration`, `batch`) VALUES
	(56, '2014_10_12_000000_create_users_table', 1),
	(57, '2014_10_12_100000_create_password_resets_table', 1),
	(58, '2019_08_19_000000_create_failed_jobs_table', 1),
	(59, '2020_06_04_062944_create_roles_table', 1),
	(60, '2020_06_05_064509_create_reports_table', 1),
	(61, '2020_06_05_070144_create_symptoms_table', 1),
	(62, '2020_06_05_085844_create_documents_table', 1),
	(63, '2020_06_08_064729_create_reports_symptoms_table', 2),
	(64, '2020_06_09_055251_add_address_column_to_users_table', 3),
	(65, '2020_06_13_043529_create_states_table', 4),
	(66, '2020_06_13_043711_create_districts_table', 4),
	(69, '2020_06_13_050257_change_reports_table_column', 5),
	(70, '2020_06_13_050521_add_residential_state_and_district_id_columns_to_reports_table', 5),
	(73, '2020_06_18_123651_add_kindergarten_state_and_district_id_columns_to_reports_table', 6),
	(74, '2020_06_18_124059_drop_kindergarten_location_column_from_reports_table', 6),
	(76, '2020_06_18_125245_add_age_column_to_reports_table', 7),
	(77, '2020_11_02_151846_add_mapdata_id_column_to_states_table', 8),
	(82, '2020_11_16_151038_create_notifications_table', 9);
/*!40000 ALTER TABLE `migrations` ENABLE KEYS */;

-- Dumping data for table HFMD-reporting.notifications: ~68 rows (approximately)
/*!40000 ALTER TABLE `notifications` DISABLE KEYS */;
INSERT INTO `notifications` (`id`, `user_id`, `recipients`, `content`, `when_to_send`, `created_at`, `updated_at`) VALUES
	(1, 1, 'selangor', 'Test test', '2020-11-17 10:30:00', '2020-11-17 10:18:51', '2020-11-17 10:18:51'),
	(2, 1, 'selangor', 'test again', '2020-11-17 10:33:00', '2020-11-17 10:32:53', '2020-11-17 10:32:53'),
	(3, 1, 'selangor', 'testing 123', '2020-11-17 10:35:00', '2020-11-17 10:33:48', '2020-11-17 10:33:48'),
	(4, 1, 'selangor', 'test abc', '2020-11-17 10:40:00', '2020-11-17 10:38:24', '2020-11-17 10:38:24'),
	(5, 1, 'selangor', 'testing ily', '2020-11-17 10:42:00', '2020-11-17 10:40:50', '2020-11-17 10:40:50'),
	(6, 1, 'selangor', 'testing', '2020-11-17 10:45:00', '2020-11-17 10:44:21', '2020-11-17 10:44:21'),
	(7, 1, 'selangor', 'Testing ily', '2020-11-17 10:47:00', '2020-11-17 10:45:38', '2020-11-17 10:45:38'),
	(8, 1, 'selangor', 'test test test', '2020-11-17 10:49:00', '2020-11-17 10:47:42', '2020-11-17 10:47:42'),
	(9, 1, 'selangor', 'test test test test', '2020-11-17 10:51:00', '2020-11-17 10:50:57', '2020-11-17 10:50:57'),
	(10, 1, 'all', 'please drink water', '2020-11-17 10:54:00', '2020-11-17 10:53:26', '2020-11-17 10:53:26'),
	(11, 1, 'all', 'drink water', '2020-11-17 10:55:00', '2020-11-17 10:54:36', '2020-11-17 10:54:36'),
	(12, 1, 'selangor', 'test test 12', '2020-11-17 11:20:00', '2020-11-17 11:19:39', '2020-11-17 11:19:39'),
	(13, 1, 'selangor', 'TEST test', '2020-11-17 11:21:00', '2020-11-17 11:20:58', '2020-11-17 11:20:58'),
	(14, 1, 'selangor', 'testing abc', '2020-11-17 11:24:00', '2020-11-17 11:23:47', '2020-11-17 11:23:47'),
	(15, 1, 'all', 'testing abcd', '2020-11-17 11:25:00', '2020-11-17 11:24:02', '2020-11-17 11:24:02'),
	(16, 1, 'selangor', 'test again', '2020-11-17 11:29:00', '2020-11-17 11:28:19', '2020-11-17 11:28:19'),
	(17, 1, 'selangor', 'drink more water', '2020-11-17 11:33:00', '2020-11-17 11:32:26', '2020-11-17 11:32:26'),
	(18, 1, 'all', 'drink drink water', '2020-11-17 11:34:00', '2020-11-17 11:32:44', '2020-11-17 11:32:44'),
	(19, 1, 'selangor', 'DRINK water', '2020-11-17 11:39:00', '2020-11-17 11:38:12', '2020-11-17 11:38:12'),
	(20, 1, 'all', 'drink more water', '2020-11-17 11:40:00', '2020-11-17 11:38:23', '2020-11-17 11:38:23'),
	(21, 1, 'selangor', 'please drink water', '2020-11-17 11:52:00', '2020-11-17 11:51:51', '2020-11-17 11:51:51'),
	(22, 1, 'all', 'please drink water again', '2020-11-17 11:56:00', '2020-11-17 11:55:41', '2020-11-17 11:55:41'),
	(23, 1, 'selangor', 'please drink more water', '2020-11-17 11:59:00', '2020-11-17 11:58:42', '2020-11-17 11:58:42'),
	(24, 1, 'all', 'Please wash your hands frequently.', '2020-11-17 12:03:00', '2020-11-17 12:02:39', '2020-11-17 12:02:39'),
	(25, 1, 'selangor', 'hihi', '2020-11-17 12:13:00', '2020-11-17 12:12:29', '2020-11-17 12:12:29'),
	(26, 1, 'all', 'hello', '2020-11-17 12:14:00', '2020-11-17 12:12:38', '2020-11-17 12:12:38'),
	(27, 1, 'selangor', 'hello hello', '2020-11-17 12:28:00', '2020-11-17 12:27:49', '2020-11-17 12:27:49'),
	(28, 1, 'all', 'hi hello', '2020-11-17 12:30:00', '2020-11-17 12:29:30', '2020-11-17 12:29:30'),
	(29, 1, 'all', 'hello world', '2020-11-17 12:32:00', '2020-11-17 12:31:44', '2020-11-17 12:31:44'),
	(30, 1, 'selangor', 'Hello World!', '2020-11-17 12:33:00', '2020-11-17 12:31:59', '2020-11-17 12:31:59'),
	(31, 1, 'selangor', 'Please make sure that your children wash their hands frequently to prevent HFMD.', '2020-11-17 13:12:00', '2020-11-17 13:11:25', '2020-11-17 13:11:25'),
	(32, 1, 'selangor', 'Please take care of your personal hygiene.', '2020-11-17 13:15:00', '2020-11-17 13:11:59', '2020-11-17 13:11:59'),
	(33, 1, 'selangor', 'Hello', '2020-11-17 13:18:00', '2020-11-17 13:17:52', '2020-11-17 13:17:52'),
	(34, 1, 'selangor', 'World', '2020-11-17 13:19:00', '2020-11-17 13:18:00', '2020-11-17 13:18:00'),
	(35, 1, 'selangor', 'Hello World', '2020-11-17 13:20:00', '2020-11-17 13:18:12', '2020-11-17 13:18:12'),
	(36, 1, 'selangor', 'Please wash your hands frequently', '2020-11-17 14:06:00', '2020-11-17 14:05:15', '2020-11-17 14:05:15'),
	(37, 1, 'selangor', 'hello', '2020-11-17 14:09:00', '2020-11-17 14:08:28', '2020-11-17 14:08:28'),
	(38, 1, 'selangor', 'hello 123', '2020-11-17 15:05:00', '2020-11-17 15:04:11', '2020-11-17 15:04:11'),
	(39, 1, 'selangor', 'hello 234', '2020-11-17 15:06:00', '2020-11-17 15:04:25', '2020-11-17 15:04:25'),
	(40, 1, 'selangor', 'Try try', '2020-11-17 15:11:00', '2020-11-17 15:09:22', '2020-11-17 15:09:22'),
	(41, 1, 'selangor', 'Please drink water', '2020-11-17 15:45:00', '2020-11-17 15:43:40', '2020-11-17 15:43:40'),
	(42, 1, 'selangor', 'testing ajax', '2020-11-17 15:51:00', '2020-11-17 15:49:20', '2020-11-17 15:49:20'),
	(43, 1, 'selangor', 'Testing ajax response', '2020-11-17 15:52:00', '2020-11-17 15:50:46', '2020-11-17 15:50:46'),
	(44, 1, 'selangor', 'Testing Edit and Delete future notification only', '2020-11-17 16:13:00', '2020-11-17 16:03:57', '2020-11-17 16:03:57'),
	(45, 1, 'selangor', 'Testing ajax buttons', '2020-11-17 16:23:00', '2020-11-17 16:21:56', '2020-11-17 16:21:56'),
	(46, 1, 'selangor', 'testing edit function', '2020-11-17 16:42:00', '2020-11-17 16:32:18', '2020-11-17 16:32:18'),
	(47, 1, 'selangor', 'testing ajax edit again', '2020-11-17 16:46:00', '2020-11-17 16:41:52', '2020-11-17 16:41:52'),
	(48, 1, 'selangor', 'test edit', '2020-11-17 16:14:00', '2020-11-17 16:54:19', '2020-11-17 16:54:19'),
	(49, 1, 'selangor', 'test edit', '2020-11-17 17:15:00', '2020-11-17 16:54:47', '2020-11-17 16:54:47'),
	(50, 1, 'selangor', 'try try', '2020-11-17 17:40:00', '2020-11-17 17:20:13', '2020-11-17 17:20:13'),
	(51, 1, 'selangor', 'try try 123', '2020-11-17 17:40:00', '2020-11-17 17:33:34', '2020-11-17 17:33:34'),
	(52, 1, 'selangor', 'test test', '2020-11-17 18:00:00', '2020-11-17 17:40:15', '2020-11-17 17:40:15'),
	(53, 1, 'selangor', 'test test 123', '2020-11-17 18:00:00', '2020-11-17 17:40:23', '2020-11-17 17:40:23'),
	(55, 1, 'selangor', 'hihi 12', '2020-11-17 18:21:00', '2020-11-17 17:52:51', '2020-11-17 17:57:59'),
	(56, 1, 'selangor', 'asdf', '2020-11-17 18:32:00', '2020-11-17 17:57:41', '2020-11-17 17:57:51'),
	(57, 1, 'selangor', 'Please drink more water', '2020-11-19 14:05:00', '2020-11-19 14:03:58', '2020-11-19 14:03:58'),
	(58, 1, 'selangor', 'Please wash your hands frequently', '2020-11-19 14:08:00', '2020-11-19 14:04:16', '2020-11-19 14:04:16'),
	(59, 1, 'all', 'sadf', '2020-11-24 13:26:00', '2020-11-24 13:39:26', '2020-11-24 13:39:26'),
	(60, 1, 'selangor', 'hihi', '2020-11-26 17:38:00', '2020-11-26 17:36:13', '2020-11-26 17:36:13'),
	(61, 1, 'selangor', '1341', '2020-11-26 18:13:00', '2020-11-26 18:11:16', '2020-11-26 18:11:16'),
	(62, 1, 'selangor', 'weqr', '2020-11-26 18:21:00', '2020-11-26 18:19:53', '2020-11-26 18:19:53'),
	(63, 1, 'selangor', 'weqr', '2020-11-26 18:22:00', '2020-11-26 18:20:00', '2020-11-26 18:20:00'),
	(64, 1, 'selangor', '1234', '2020-11-26 18:22:00', '2020-11-26 18:20:18', '2020-11-26 18:20:18'),
	(65, 1, 'selangor', '12355', '2020-11-26 18:22:00', '2020-11-26 18:20:41', '2020-11-26 18:20:41'),
	(66, 1, 'selangor', 'qwer', '2020-11-26 18:32:00', '2020-11-26 18:30:15', '2020-11-26 18:30:15'),
	(67, 1, 'selangor', '123434', '2020-11-26 18:32:00', '2020-11-26 18:30:43', '2020-11-26 18:30:43'),
	(68, 1, 'selangor', 'Testing 123', '2020-11-28 19:52:00', '2020-11-28 19:50:11', '2020-11-28 19:50:19'),
	(71, 1, 'selangor', 'Hello world', '2020-11-29 16:11:00', '2020-11-29 16:08:51', '2020-11-29 16:08:51'),
	(73, 1, 'selangor', 'asdfaaw', '2020-11-29 17:03:00', '2020-11-29 17:01:29', '2020-11-29 17:01:29'),
	(75, 1, 'selangor', 'asdf', '2020-12-01 14:44:00', '2020-12-01 14:42:36', '2020-12-01 14:42:36');
/*!40000 ALTER TABLE `notifications` ENABLE KEYS */;

-- Dumping data for table HFMD-reporting.password_resets: ~0 rows (approximately)
/*!40000 ALTER TABLE `password_resets` DISABLE KEYS */;
/*!40000 ALTER TABLE `password_resets` ENABLE KEYS */;

-- Dumping data for table HFMD-reporting.reports: ~75 rows (approximately)
/*!40000 ALTER TABLE `reports` DISABLE KEYS */;
INSERT INTO `reports` (`id`, `user_id`, `is_approve`, `fatal`, `DOB`, `relationship`, `symptoms`, `other_symptoms`, `diagnosis`, `hospital_admission`, `attend_kindergarten`, `children_in_kindergarten_infected`, `document_id`, `created_at`, `updated_at`, `residential_state_id`, `residential_district_id`, `kindergarten_state_id`, `kindergarten_district_id`, `age`) VALUES
	(1, 1, 1, 1, '2018-02-06', 'guardian', '1,6', 'Diarrhea', '2020-06-02', 0, 0, NULL, NULL, '2020-05-05 09:48:22', '2020-06-07 05:47:56', 1, 1, NULL, NULL, '2 years, 4 months and 12 days'),
	(2, 1, 1, 1, '2017-11-09', 'guardian', '2,5,6', NULL, '2020-06-03', 1, 1, 1, NULL, '2020-05-06 09:49:05', '2020-06-09 06:50:26', 2, 17, 2, NULL, '2 years, 7 months and 9 days'),
	(3, 1, 1, 0, '2020-01-11', 'siblings', '5,6,7', NULL, '2020-06-02', 1, 0, NULL, NULL, '2020-05-06 09:49:29', '2020-06-07 05:47:02', 3, 25, NULL, NULL, '0 years, 5 months and 7 days'),
	(4, 1, 1, 1, '2019-03-13', 'siblings', '1,7', NULL, '2020-06-05', 1, 1, 0, NULL, '2020-06-07 06:48:04', '2020-06-07 07:17:46', 4, 34, 4, NULL, '1 years, 3 months and 5 days'),
	(5, 1, 1, 0, '2019-07-25', 'parent', '2,3', NULL, '2020-06-02', 0, 0, NULL, NULL, '2020-06-07 06:49:31', '2020-06-08 06:12:17', 5, 38, NULL, NULL, '0 years, 10 months and 24 days'),
	(6, 1, 1, 1, '2017-12-14', 'parent', '5,6', NULL, '2020-06-07', 0, 0, NULL, NULL, '2020-06-07 06:49:50', '2020-06-07 07:17:47', 6, 45, NULL, NULL, '2 years, 6 months and 4 days'),
	(7, 1, 1, 0, '2016-11-24', 'guardian', '1,2,3', NULL, '2020-06-02', 0, 0, NULL, NULL, '2020-06-07 06:50:12', '2020-06-19 14:14:52', 7, 55, NULL, NULL, '3 years, 6 months and 25 days'),
	(8, 1, 1, 0, '2019-10-17', 'parent', '3,4', NULL, '2020-06-04', NULL, 0, NULL, NULL, '2020-06-07 06:50:31', '2020-06-07 07:17:30', 8, 65, NULL, NULL, '0 years, 8 months and 1 days'),
	(9, 1, 1, 0, '2020-01-23', 'parent', '3,4', NULL, '2020-06-03', 0, 0, NULL, NULL, '2020-06-07 06:50:52', '2020-06-07 07:17:33', 9, 71, NULL, NULL, '0 years, 4 months and 26 days'),
	(10, 1, 1, 1, '2018-06-20', 'teacher', '4,5', NULL, '2020-06-06', 0, 1, 2, NULL, '2019-06-07 06:51:23', '2020-11-07 12:16:13', 10, 78, 10, NULL, '1 years, 11 months and 29 days'),
	(11, 1, 1, 0, '2019-06-20', 'parent', '1,5', NULL, '2020-06-06', 0, 0, NULL, NULL, '2020-06-07 06:51:55', '2020-06-07 07:17:33', 13, 128, NULL, NULL, '0 years, 11 months and 29 days'),
	(12, 1, 1, 1, '2017-06-08', 'guardian', '5', NULL, NULL, 0, 0, NULL, NULL, '2020-06-08 07:15:20', '2020-11-07 12:16:21', 11, 85, NULL, NULL, '3 years, 0 months and 10 days'),
	(13, 3, 1, 0, '2019-07-18', 'siblings', '5,7', NULL, '2020-06-06', 0, 0, NULL, NULL, '2020-06-08 10:15:50', '2020-11-07 12:16:18', 12, 95, NULL, NULL, '0 years, 11 months and 0 days'),
	(14, 3, 0, 0, '2019-07-18', 'siblings', '5,7', NULL, '2020-06-06', 0, 0, NULL, NULL, '2020-06-08 10:16:16', '2020-06-08 10:16:16', 14, 156, NULL, NULL, '0 years, 11 months and 0 days'),
	(15, 3, 0, 0, '2019-07-18', 'siblings', '5,7', NULL, '2020-06-06', 0, 0, NULL, NULL, '2020-06-08 10:19:03', '2020-06-08 10:19:03', 15, 157, NULL, NULL, '0 years, 11 months and 0 days'),
	(16, 3, 0, 0, '2019-07-05', 'siblings', '1', NULL, '2020-06-06', 0, 0, NULL, NULL, '2020-06-08 10:22:35', '2020-06-08 10:22:35', 1, 2, NULL, NULL, '0 years, 11 months and 13 days'),
	(17, 1, 0, 0, '2018-06-05', 'parent', '1', NULL, '2020-06-05', 0, 0, NULL, NULL, '2020-06-09 06:04:37', '2020-06-09 06:04:37', 2, 17, NULL, NULL, '2 years, 0 months and 13 days'),
	(18, 1, 1, 0, '2018-06-05', 'parent', '1', NULL, '2020-06-05', 0, 0, NULL, NULL, '2020-06-09 06:08:57', '2020-06-09 06:50:48', 10, 78, NULL, NULL, '2 years, 0 months and 13 days'),
	(19, 4, 1, 0, '2017-08-11', 'parent', '3', NULL, '2020-06-09', 0, 0, NULL, NULL, '2020-06-09 06:11:21', '2020-06-09 06:50:50', 11, 85, NULL, NULL, '2 years, 10 months and 7 days'),
	(20, 4, 0, 0, '2018-06-09', 'parent', '1,2,3', NULL, '2020-06-04', 0, 0, NULL, NULL, '2020-06-09 06:47:22', '2020-06-09 06:47:22', 2, 17, NULL, NULL, '2 years, 0 months and 9 days'),
	(21, 1, 0, 0, '2016-10-13', 'siblings', '5,6', 'Fatique', '2020-06-12', 0, 0, NULL, '1', '2020-06-13 05:25:50', '2020-06-13 05:25:50', 10, 78, NULL, NULL, '3 years, 8 months and 5 days'),
	(22, 1, 0, 0, '2018-03-08', 'guardian', '1', NULL, '2020-06-11', 0, 0, NULL, '1', '2020-06-13 05:34:05', '2020-06-13 05:34:05', 10, 78, NULL, NULL, '2 years, 3 months and 10 days'),
	(23, 4, 1, 0, '2019-02-05', 'siblings', '1,5,6', 'Diarrhea', '2020-06-13', 0, 1, 1, '2', '2020-06-13 10:59:34', '2020-06-13 11:01:28', 10, 78, 10, NULL, '1 years, 4 months and 13 days'),
	(24, 4, 1, 1, '2018-03-07', 'siblings', '1,5,6', 'Fatique', '2020-06-13', 0, 1, 1, '3', '2020-06-13 11:24:28', '2020-06-13 11:26:40', 10, 75, 10, NULL, '2 years, 3 months and 11 days'),
	(25, 1, 1, 0, '2018-02-28', 'guardian', '1,7', NULL, '2020-06-17', 0, 1, 0, '5', '2020-06-18 12:50:46', '2020-06-18 21:26:27', 9, 71, 9, NULL, '2 years, 3 months and 21 days'),
	(26, 1, 1, 0, '2017-06-14', 'parent', '1', NULL, '2020-06-02', 0, 0, NULL, NULL, '2020-06-18 13:02:50', '2020-06-18 21:26:38', 1, 2, 1, NULL, '3 years, 0 months and 4 days'),
	(27, 4, 0, 0, '2020-06-18', 'guardian_dependent', '1,2', NULL, '2020-06-09', 0, 1, NULL, NULL, '2020-06-19 13:05:28', '2020-06-19 13:05:28', 1, 2, 1, NULL, '0 years, 0 months and 1 days'),
	(28, 4, 0, 0, '2020-06-18', 'parent', '1', NULL, '2020-06-17', 0, 1, 0, NULL, '2020-06-19 13:09:30', '2020-06-19 13:09:30', 1, 2, 1, NULL, '0 years, 0 months and 1 days'),
	(29, 4, 0, 0, '2018-02-17', 'parent', '1', NULL, NULL, 0, 0, 0, '9', '2020-06-19 13:18:33', '2020-06-19 13:18:33', 1, 1, 1, NULL, '2 years, 4 months and 2 days'),
	(30, 4, 1, 1, '2018-06-06', 'siblings', '1', NULL, '2020-06-18', 1, 0, 0, NULL, '2020-06-19 15:11:53', '2020-06-19 15:13:43', 1, 1, 1, NULL, '2 years, 0 months and 13 days'),
	(31, 1, 1, 0, '2020-08-14', 'parent', '1,3', NULL, '2020-08-14', 0, 0, 0, NULL, '2020-10-19 20:24:49', '2020-10-19 20:29:56', 13, 128, 1, NULL, '0 years, 2 months and 5 days'),
	(32, 1, 1, 0, '2018-06-05', 'siblings', '2,5,6', NULL, '2020-10-29', 0, 0, 0, '10', '2020-11-02 19:25:56', '2020-11-02 19:26:14', 13, 128, 1, NULL, '2 years, 4 months and 28 days'),
	(33, 3, 1, 0, '2017-06-07', 'siblings', '1,5,6', NULL, '2020-10-14', 0, 0, 0, '11', '2020-11-03 13:47:38', '2020-11-03 13:48:12', 6, 45, 1, NULL, '3 years, 4 months and 27 days'),
	(34, 3, 1, 0, '2019-03-06', 'teacher', '5,6', NULL, '2020-11-02', 1, 1, 0, NULL, '2020-11-03 13:54:26', '2020-11-03 13:56:23', 6, 45, 6, NULL, '1 years, 7 months and 28 days'),
	(35, 3, 1, 0, '2020-11-02', 'teacher', '1,2,6', NULL, '2020-11-02', 0, 1, 1, NULL, '2020-11-03 13:55:04', '2020-11-03 13:56:25', 6, 45, 6, NULL, '0 years, 0 months and 1 days'),
	(36, 3, 1, 0, '2020-11-02', 'relatives', '1', NULL, '2020-11-02', 0, 0, 0, NULL, '2020-11-03 13:55:31', '2020-11-03 13:56:27', 6, 45, 1, NULL, '0 years, 0 months and 1 days'),
	(37, 3, 1, 0, '2020-11-02', 'relatives', '3,5,6', NULL, '2020-11-02', 0, 0, 0, NULL, '2020-11-03 13:55:53', '2020-11-03 13:56:29', 6, 48, 1, NULL, '0 years, 0 months and 1 days'),
	(38, 3, 1, 0, '2020-11-03', 'relatives', '1,3,4', NULL, '2020-11-02', 0, 0, 0, NULL, '2020-11-03 13:56:15', '2020-11-03 13:56:30', 6, 48, 1, NULL, '0 years, 0 months and 0 days'),
	(39, 1, 1, 1, '2017-06-14', 'siblings', '3,6', NULL, '2020-11-17', 1, 1, 2, '12', '2020-11-19 13:59:58', '2020-11-27 19:43:58', 10, 75, 10, NULL, '3 years, 5 months and 5 days'),
	(40, 4, 1, 0, '2016-05-31', 'parent', '4,5', NULL, '2020-11-17', 0, 0, 0, '13', '2020-11-19 14:01:11', '2020-11-27 19:44:01', 10, 78, 1, NULL, '4 years, 5 months and 19 days'),
	(41, 1, 0, 0, '2018-02-28', 'parent', '1', NULL, '2020-11-11', 0, 0, 0, NULL, '2020-11-28 13:02:17', '2020-11-28 13:02:17', 1, 1, 1, NULL, '2 years, 9 months and 0 days'),
	(42, 1, 0, 0, '2020-11-11', 'parent', '5', NULL, '2020-11-26', 0, 0, 0, NULL, '2020-11-28 13:03:47', '2020-11-28 13:03:47', 1, 2, 1, NULL, '0 years, 0 months and 17 days'),
	(43, 1, 0, 0, '2020-11-11', 'parent', '5', NULL, '2020-11-26', 0, 0, 0, NULL, '2020-11-28 13:04:42', '2020-11-28 13:04:42', 1, 1, 1, NULL, '0 years, 0 months and 17 days'),
	(44, 1, 0, 0, '2019-03-08', 'parent', '1', NULL, '2020-11-27', 0, 0, 0, NULL, '2020-11-28 13:05:02', '2020-11-28 13:05:02', 1, 2, 1, NULL, '1 years, 8 months and 20 days'),
	(45, 1, 1, 0, '2017-02-24', 'parent', '5,6', NULL, '2020-11-27', 1, 1, 1, NULL, '2020-11-28 18:03:45', '2020-11-28 18:04:21', 10, 75, 10, NULL, '3 years, 9 months and 4 days'),
	(46, 1, 1, 0, '2017-02-24', 'parent', '5,6', NULL, '2020-11-27', 1, 1, 1, NULL, '2020-11-28 18:03:49', '2020-11-28 18:04:01', 10, 75, 10, NULL, '3 years, 9 months and 4 days'),
	(47, 1, 0, 0, '2018-06-20', 'Guardian dependent', '3,5,6', 'Diarrhea', '2020-11-27', 0, 1, 0, '21', '2020-11-28 19:28:12', '2020-11-28 19:47:10', 1, NULL, 1, NULL, '2 years, 5 months and 8 days'),
	(48, 1, 1, 0, '2016-02-02', 'Teacher/Institution worker', '1,5', NULL, '2020-11-27', 0, 1, 0, 'undefined', '2020-11-28 19:29:31', '2020-11-28 19:46:57', 10, 75, 10, NULL, '4 years, 9 months and 26 days'),
	(49, 1, 1, 0, '2016-07-28', 'Siblings', '5,7', NULL, '2020-11-25', 0, 1, 0, 'undefined', '2020-11-28 19:31:04', '2020-11-28 19:46:48', 10, 75, 10, NULL, '4 years, 4 months and 0 days'),
	(50, 1, 1, 0, '2020-11-13', 'Parent', '5', NULL, '2020-11-25', 0, 0, 0, 'undefined', '2020-11-28 19:31:38', '2020-11-28 19:46:38', 1, 1, 1, NULL, '0 years, 0 months and 15 days'),
	(51, 1, 1, 0, '2014-06-28', 'Guardian dependent', '5', NULL, '2020-11-27', 0, 0, 0, 'undefined', '2020-11-28 19:41:19', '2020-11-28 19:46:36', 1, 1, 1, NULL, '6 years, 5 months and 0 days'),
	(52, 1, 1, 0, '2014-07-17', 'Guardian dependent', '5', NULL, '2020-11-26', 0, 0, 0, 'undefined', '2020-11-28 19:44:37', '2020-11-28 19:46:34', 1, 2, 1, NULL, '6 years, 4 months and 11 days'),
	(53, 1, 1, 1, '2014-07-17', 'Guardian dependent', '5', NULL, '2020-11-26', 0, 0, 0, 'undefined', '2020-11-28 19:44:38', '2020-11-28 19:46:15', 1, 2, 1, NULL, '6 years, 4 months and 11 days'),
	(54, 1, 1, 0, '2013-01-29', 'Teacher/Institution worker', '2,3,4', NULL, '2020-11-26', 0, 0, 0, 'undefined', '2020-11-28 19:45:48', '2020-11-28 19:46:10', 1, 2, 1, NULL, '7 years, 9 months and 30 days'),
	(55, 4, 1, 1, '2017-02-16', 'Teacher/Institution worker', '1,7', 'Diarrhea', '2020-11-27', 0, 0, 0, '22', '2020-11-29 16:04:56', '2020-11-29 16:06:33', 10, 75, 0, NULL, '3 years, 9 months and 13 days'),
	(56, 4, 1, 0, '2015-02-11', 'Siblings', '1,5', 'Diarrhea', '2020-11-27', 0, 0, 0, '23', '2020-11-29 16:39:19', '2020-11-29 16:40:43', 10, 75, 0, NULL, '5 years, 9 months and 18 days'),
	(57, 1, 1, 0, '2017-03-29', 'Parent', '4', NULL, '2020-11-27', 0, 0, 0, '24', '2020-11-29 16:41:37', '2020-11-29 16:59:06', 10, 75, 0, NULL, '3 years, 8 months and 0 days'),
	(58, 1, 0, 0, '2015-02-11', 'Parent', '1', NULL, NULL, 0, 0, 0, 'undefined', '2020-11-29 16:42:39', '2020-11-29 16:42:39', 1, 1, 0, NULL, '5 years, 9 months and 18 days'),
	(59, 4, 1, 1, '2016-08-11', 'Siblings', '1,5', 'Diarrhea', '2020-11-27', 0, 0, 0, '25', '2020-11-29 16:55:48', '2020-11-29 16:58:04', 10, 75, 0, NULL, '4 years, 3 months and 18 days'),
	(60, 1, 1, 0, '2016-11-29', 'Guardian', '1', NULL, NULL, 0, 0, 0, 'undefined', '2020-11-29 16:58:27', '2020-11-29 16:58:51', 10, 75, 0, NULL, '4 years, 0 months and 0 days'),
	(61, 1, 0, 0, '2016-02-17', 'Parent', '1', NULL, NULL, 0, 0, 0, 'undefined', '2020-11-29 16:58:41', '2020-11-29 16:59:18', 1, 1, 0, NULL, '4 years, 9 months and 12 days'),
	(62, 4, 1, 0, '2016-02-12', 'Guardian', '1', NULL, '2020-11-30', 0, 0, 0, 'undefined', '2020-12-01 13:42:42', '2020-12-01 13:44:27', 10, 78, 0, NULL, '4 years, 9 months and 19 days'),
	(63, 1, 1, 0, '2014-01-28', 'Siblings', '1,5', NULL, '2020-11-29', 0, 0, 0, 'undefined', '2020-12-01 13:43:30', '2020-12-01 13:44:25', 10, 75, 0, NULL, '6 years, 10 months and 3 days'),
	(64, 1, 1, 0, '2019-06-29', 'Teacher/Institution worker', '1,3,5', NULL, '2020-11-29', 0, 1, 0, '26', '2020-12-01 13:44:07', '2020-12-01 13:44:23', 10, 75, 10, NULL, '1 years, 5 months and 2 days'),
	(65, 1, 0, 0, '2019-08-23', 'Parent', '1,5,7', NULL, '2020-12-01', 0, 0, 0, 'undefined', '2020-12-01 13:46:37', '2020-12-01 13:47:28', 14, 156, 0, NULL, '1 years, 3 months and 8 days'),
	(66, 1, 0, 0, '2016-07-13', 'Parent', '1,5,6', NULL, '2020-12-01', 0, 0, 0, 'undefined', '2020-12-01 13:47:01', '2020-12-01 13:47:27', 14, 156, 0, NULL, '4 years, 4 months and 18 days'),
	(67, 1, 0, 0, '2017-02-15', 'Parent', '1,5', NULL, '2020-12-01', 0, 0, 0, '27', '2020-12-01 13:48:13', '2020-12-01 13:48:13', 14, 156, 0, NULL, '3 years, 9 months and 16 days'),
	(68, 1, 0, 0, '2020-06-25', 'Parent', '1', NULL, NULL, 0, 1, 0, 'undefined', '2020-12-01 13:54:59', '2020-12-01 13:54:59', 1, NULL, 4, NULL, '0 years, 5 months and 6 days'),
	(69, 4, 0, 0, '2017-03-15', 'Teacher/Institution worker', '1,5', 'Diarrhea', NULL, 1, 1, 0, '28', '2020-12-01 14:37:14', '2020-12-01 14:37:14', 14, 156, 14, NULL, '3 years, 8 months and 16 days'),
	(70, 4, 1, 1, '2017-03-15', 'Teacher/Institution worker', '1,5', 'Diarrhea', NULL, 1, 1, 0, '29', '2020-12-01 14:37:21', '2020-12-01 14:40:04', 14, 156, 14, NULL, '3 years, 8 months and 16 days'),
	(71, 1, 0, 0, '2020-11-30', 'Parent', '6', NULL, NULL, 0, 0, 0, 'undefined', '2020-12-03 23:45:24', '2020-12-03 23:45:24', 12, NULL, NULL, NULL, '0 years, 0 months and 3 days'),
	(72, 1, 0, 0, '2017-07-12', 'Guardian', '1,5', NULL, '2020-12-02', 0, 0, 0, 'undefined', '2020-12-03 23:59:53', '2020-12-03 23:59:53', 10, 75, NULL, NULL, '3 years, 4 months and 21 days'),
	(73, 1, 0, 0, '2016-07-07', 'Teacher/Institution worker', '1,4', NULL, '2020-12-03', 0, 1, 0, 'undefined', '2020-12-04 00:06:46', '2020-12-04 00:06:46', 10, 75, 10, NULL, '4 years, 4 months and 27 days'),
	(74, 1, 0, 0, '2015-02-11', 'Teacher/Institution worker', '1', NULL, '2020-12-03', 0, 1, 0, 'undefined', '2020-12-04 00:10:34', '2020-12-04 00:10:34', 10, 75, 10, 75, '5 years, 9 months and 23 days'),
	(75, 1, 0, 0, '2018-07-17', 'Parent', '1,4', NULL, '2020-12-16', 0, 1, 0, 'undefined', '2020-12-17 14:56:48', '2020-12-17 14:56:48', 10, 75, 10, 75, '2 years, 5 months and 0 days'),
	(76, 1, 1, 0, '2017-06-13', 'Parent', '1,4', NULL, '2020-12-25', 0, 0, 0, 'undefined', '2020-12-28 21:40:58', '2020-12-31 16:05:27', 10, 78, NULL, NULL, '3 years, 6 months and 15 days'),
	(77, 1, 1, 0, '2015-06-10', 'Siblings', '1,5,6', NULL, '2020-12-27', 0, 0, 0, 'undefined', '2020-12-28 21:41:26', '2020-12-31 16:05:26', 10, 78, NULL, NULL, '5 years, 6 months and 18 days'),
	(78, 1, 1, 0, '2014-06-11', 'Parent', '5,6', NULL, '2020-12-26', 0, 0, 0, 'undefined', '2020-12-28 21:41:49', '2020-12-31 16:05:25', 10, 78, NULL, NULL, '6 years, 6 months and 17 days'),
	(79, 1, 1, 0, '2016-06-09', 'Teacher/Institution worker', '1,2,7', NULL, '2020-12-27', 0, 0, 0, 'undefined', '2020-12-28 22:14:08', '2020-12-31 16:05:22', 10, 75, NULL, NULL, '4 years, 6 months and 19 days'),
	(80, 1, 0, 0, '2016-02-27', 'Parent', '5,6', NULL, '2020-12-27', 0, 0, 0, 'undefined', '2020-12-29 18:00:37', '2021-01-04 17:03:16', 10, 75, NULL, NULL, '4 years, 10 months and 2 days'),
	(81, 1, 1, 0, '2014-02-04', 'Siblings', '1,2,7', NULL, '2020-12-28', 0, 0, 0, 'undefined', '2020-12-29 18:01:04', '2020-12-31 16:05:20', 10, 75, NULL, NULL, '6 years, 10 months and 25 days'),
	(82, 1, 1, 0, '2017-03-08', 'Parent', '1,5,6', NULL, '2021-01-03', 0, 0, 0, 'undefined', '2021-01-04 16:26:13', '2021-01-04 16:37:43', 1, 1, NULL, NULL, '3 years, 9 months and 27 days'),
	(83, 1, 1, 0, '2017-03-08', 'Parent', '1,5,6', NULL, '2021-01-03', 0, 0, 0, 'undefined', '2021-01-04 16:26:35', '2021-01-04 16:37:40', 1, 1, NULL, NULL, '3 years, 9 months and 27 days'),
	(84, 1, 0, 0, '2016-06-07', 'Parent', '1,5,6', NULL, '2021-01-03', 0, 0, 0, 'undefined', '2021-01-04 16:27:53', '2021-01-04 17:03:06', 1, 1, NULL, NULL, '4 years, 6 months and 28 days');
/*!40000 ALTER TABLE `reports` ENABLE KEYS */;

-- Dumping data for table HFMD-reporting.report_symptom: ~25 rows (approximately)
/*!40000 ALTER TABLE `report_symptom` DISABLE KEYS */;
INSERT INTO `report_symptom` (`id`, `report_id`, `symptom_id`, `created_at`, `updated_at`) VALUES
	(1, 1, 1, NULL, NULL),
	(2, 1, 6, NULL, NULL),
	(3, 2, 5, NULL, NULL),
	(4, 2, 6, NULL, NULL),
	(5, 2, 2, NULL, NULL),
	(6, 3, 5, NULL, NULL),
	(7, 3, 6, NULL, NULL),
	(8, 3, 7, NULL, NULL),
	(9, 4, 1, NULL, NULL),
	(10, 4, 7, NULL, NULL),
	(11, 5, 2, NULL, NULL),
	(12, 5, 3, NULL, NULL),
	(13, 6, 5, NULL, NULL),
	(14, 6, 6, NULL, NULL),
	(15, 7, 1, NULL, NULL),
	(16, 7, 2, NULL, NULL),
	(17, 7, 3, NULL, NULL),
	(18, 8, 3, NULL, NULL),
	(19, 8, 4, NULL, NULL),
	(20, 9, 3, NULL, NULL),
	(21, 9, 4, NULL, NULL),
	(22, 10, 4, NULL, NULL),
	(23, 10, 5, NULL, NULL),
	(24, 11, 1, NULL, NULL),
	(25, 11, 5, NULL, NULL);
/*!40000 ALTER TABLE `report_symptom` ENABLE KEYS */;

-- Dumping data for table HFMD-reporting.roles: ~2 rows (approximately)
/*!40000 ALTER TABLE `roles` DISABLE KEYS */;
INSERT INTO `roles` (`id`, `name`, `created_at`, `updated_at`) VALUES
	(1, 'Administrator', '2020-06-06 17:46:34', '2020-06-06 17:46:34'),
	(2, 'Public', '2020-06-06 17:46:35', '2020-06-06 17:46:36');
/*!40000 ALTER TABLE `roles` ENABLE KEYS */;

-- Dumping data for table HFMD-reporting.states: ~16 rows (approximately)
/*!40000 ALTER TABLE `states` DISABLE KEYS */;
INSERT INTO `states` (`id`, `name`, `created_at`, `updated_at`, `mapdata_id`) VALUES
	(1, 'Johor', '2020-06-13 12:45:11', '2020-06-13 12:45:12', 'MYS1143'),
	(2, 'Kedah', '2020-06-13 12:45:13', '2020-06-13 12:45:14', 'MYS1140'),
	(3, 'Kelantan', '2020-06-13 12:45:14', '2020-06-13 12:45:14', 'MYS1144'),
	(4, 'Melaka', '2020-06-13 12:45:16', '2020-06-13 12:45:15', 'MYS1145'),
	(5, 'Negeri Sembilan', '2020-06-13 12:45:15', '2020-06-13 12:45:16', 'MYS1146'),
	(6, 'Pahang', '2020-06-13 12:45:17', '2020-06-13 12:45:17', 'MYS1147'),
	(7, 'Pulau Pinang', '2020-06-13 12:45:17', '2020-06-13 12:45:18', 'MYS1139'),
	(8, 'Perak', '2020-06-13 12:45:18', '2020-06-13 12:45:19', 'MYS1137'),
	(9, 'Perlis', '2020-06-13 12:45:19', '2020-06-13 12:45:20', 'MYS1141'),
	(10, 'Selangor', '2020-06-13 12:45:20', '2020-06-13 12:45:21', 'MYS1148'),
	(11, 'Terengganu', '2020-06-13 12:45:21', '2020-06-13 12:45:22', 'MYS1149'),
	(12, 'Sabah', '2020-06-13 12:45:22', '2020-06-13 12:45:22', 'MYS1186'),
	(13, 'Sarawak', '2020-06-13 12:45:23', '2020-06-13 12:45:23', 'MYS1187'),
	(14, 'W.P. (KL)', '2020-06-13 12:45:24', '2020-06-13 12:45:24', 'MYS4831'),
	(15, 'W.P. (Labuan)', '2020-06-13 12:45:25', '2020-06-13 12:45:25', 'MYS4833'),
	(16, 'W.P. (Putrajaya)', '2020-06-13 12:45:26', '2020-06-13 12:45:26', 'MYS4832');
/*!40000 ALTER TABLE `states` ENABLE KEYS */;

-- Dumping data for table HFMD-reporting.symptoms: ~7 rows (approximately)
/*!40000 ALTER TABLE `symptoms` DISABLE KEYS */;
INSERT INTO `symptoms` (`id`, `name`, `created_at`, `updated_at`) VALUES
	(1, 'Fever', '2020-06-06 17:47:20', '2020-06-06 17:47:21'),
	(2, 'Sore Throat', '2020-06-06 17:47:21', '2020-06-06 17:47:21'),
	(3, 'Poor Appetite', '2020-06-06 17:47:22', '2020-06-06 17:47:23'),
	(4, 'Malaise', '2020-06-06 17:47:23', '2020-06-06 17:47:24'),
	(5, 'Red spots on Mouth', '2020-06-06 17:47:24', '2020-06-06 17:47:25'),
	(6, 'Red spots on Hand/Wrist', '2020-06-06 17:47:25', '2020-06-06 17:47:25'),
	(7, 'Red spots on Feet', '2020-06-10 08:59:40', '2020-06-13 11:29:07');
/*!40000 ALTER TABLE `symptoms` ENABLE KEYS */;

-- Dumping data for table HFMD-reporting.users: ~4 rows (approximately)
/*!40000 ALTER TABLE `users` DISABLE KEYS */;
INSERT INTO `users` (`id`, `role_id`, `is_active`, `name`, `phone`, `email`, `email_verified_at`, `password`, `remember_token`, `created_at`, `updated_at`, `address`, `postal`, `city`, `state`) VALUES
	(1, 1, 0, 'Tan Seok See', '+60166328488', 'seoksee@outlook.com', NULL, '$2y$10$gZ7HKxGPkoT9wttk8ysFJuN4FXg0EOr8dNlGACj0Qb4aj0Jaawmku', 'ahR4qfGRuVXu1hCfozy1SedYJ4H1SENFrhj2YSclhq7dROh2yOeFJEpc00OZ', '2020-06-06 09:47:57', '2020-06-06 09:47:57', '10, Jalan Dato Dagang 20,', 41200, 'Klang', 'Selangor'),
	(2, 1, 0, 'Tan Poh Ben', '+60129335527', 'pohben69@gmail.com', NULL, '$2y$10$UQyCEzDvkvTAVYs6gFFMeOvhmivPEvQ9dlhSwSRQBOcFoeNp6EFxe', NULL, '2020-06-08 04:16:30', '2020-11-29 16:09:27', '123, Jalan Nanas 123,', 51245, 'Batu Pahat', 'Johor'),
	(3, 2, 0, 'Tan Chun Shui', '+60124117347', 'chunshui7347@gmail.com', NULL, '$2y$10$a7iw6UuZB5hoQ1eSHqAupO11Q6TNZO/VwlmHBWJhgm7LyPZ1tLROG', NULL, '2020-06-08 10:15:26', '2020-11-29 17:02:02', '20, Jalan ABC 12,', 41300, 'Klang', 'Selangor'),
	(4, 2, 0, 'Tan Seok Huy', '+60163532388', 'mandytan0913@hotmail.com', NULL, '$2y$10$B4tKHQlGhAk2jTAaMbAL0OP4l6AJu8jmC6WA2QMPTGPETk.MTzFzK', NULL, '2020-06-09 06:10:57', '2020-12-01 14:43:13', '10, Jalan Dato Dagang 20,', 41200, 'Georgetown', 'Penang');
/*!40000 ALTER TABLE `users` ENABLE KEYS */;

/*!40101 SET SQL_MODE=IFNULL(@OLD_SQL_MODE, '') */;
/*!40014 SET FOREIGN_KEY_CHECKS=IF(@OLD_FOREIGN_KEY_CHECKS IS NULL, 1, @OLD_FOREIGN_KEY_CHECKS) */;
/*!40101 SET CHARACTER_SET_CLIENT=@OLD_CHARACTER_SET_CLIENT */;
